nome,preco,categoria,descricao,fabricante
1 Reginaldo,1 10000,1 Moto,1 Teste,1 Honda
2 Reginaldo,2 10000,2 Moto,2 Teste,2 Honda
3 Reginaldo,3 10000,3 Moto,3 Teste,3 Honda
4 Reginaldo,4 10000,4 Moto,4 Teste,4 Honda
5 Reginaldo,5 10000,5 Moto,5 Teste,5 Honda
6 Reginaldo,6 10000,6 Moto,6 Teste,6 Honda
7 Reginaldo,7 10000,7 Moto,7 Teste,7 Honda
8 Reginaldo,8 10000,8 Moto,8 Teste,8 Honda
9 Reginaldo,9 10000,9 Moto,9 Teste,9 Honda
10 Reginaldo,10 10000,10 Moto,10 Teste,10 Honda
11 Reginaldo,11 10000,11 Moto,11 Teste,11 Honda
12 Reginaldo,12 10000,12 Moto,12 Teste,12 Honda
13 Reginaldo,13 10000,13 Moto,13 Teste,13 Honda
14 Reginaldo,14 10000,14 Moto,14 Teste,14 Honda
15 Reginaldo,15 10000,15 Moto,15 Teste,15 Honda
16 Reginaldo,16 10000,16 Moto,16 Teste,16 Honda
17 Reginaldo,17 10000,17 Moto,17 Teste,17 Honda
18 Reginaldo,18 10000,18 Moto,18 Teste,18 Honda
19 Reginaldo,19 10000,19 Moto,19 Teste,19 Honda
20 Reginaldo,20 10000,20 Moto,20 Teste,20 Honda
21 Reginaldo,21 10000,21 Moto,21 Teste,21 Honda
22 Reginaldo,22 10000,22 Moto,22 Teste,22 Honda
23 Reginaldo,23 10000,23 Moto,23 Teste,23 Honda
24 Reginaldo,24 10000,24 Moto,24 Teste,24 Honda
25 Reginaldo,25 10000,25 Moto,25 Teste,25 Honda
26 Reginaldo,26 10000,26 Moto,26 Teste,26 Honda
27 Reginaldo,27 10000,27 Moto,27 Teste,27 Honda
28 Reginaldo,28 10000,28 Moto,28 Teste,28 Honda
29 Reginaldo,29 10000,29 Moto,29 Teste,29 Honda
30 Reginaldo,30 10000,30 Moto,30 Teste,30 Honda
31 Reginaldo,31 10000,31 Moto,31 Teste,31 Honda
32 Reginaldo,32 10000,32 Moto,32 Teste,32 Honda
33 Reginaldo,33 10000,33 Moto,33 Teste,33 Honda
34 Reginaldo,34 10000,34 Moto,34 Teste,34 Honda
35 Reginaldo,35 10000,35 Moto,35 Teste,35 Honda
36 Reginaldo,36 10000,36 Moto,36 Teste,36 Honda
37 Reginaldo,37 10000,37 Moto,37 Teste,37 Honda
38 Reginaldo,38 10000,38 Moto,38 Teste,38 Honda
39 Reginaldo,39 10000,39 Moto,39 Teste,39 Honda
40 Reginaldo,40 10000,40 Moto,40 Teste,40 Honda
41 Reginaldo,41 10000,41 Moto,41 Teste,41 Honda
42 Reginaldo,42 10000,42 Moto,42 Teste,42 Honda
43 Reginaldo,43 10000,43 Moto,43 Teste,43 Honda
44 Reginaldo,44 10000,44 Moto,44 Teste,44 Honda
45 Reginaldo,45 10000,45 Moto,45 Teste,45 Honda
46 Reginaldo,46 10000,46 Moto,46 Teste,46 Honda
47 Reginaldo,47 10000,47 Moto,47 Teste,47 Honda
48 Reginaldo,48 10000,48 Moto,48 Teste,48 Honda
49 Reginaldo,49 10000,49 Moto,49 Teste,49 Honda
50 Reginaldo,50 10000,50 Moto,50 Teste,50 Honda
51 Reginaldo,51 10000,51 Moto,51 Teste,51 Honda
52 Reginaldo,52 10000,52 Moto,52 Teste,52 Honda
53 Reginaldo,53 10000,53 Moto,53 Teste,53 Honda
54 Reginaldo,54 10000,54 Moto,54 Teste,54 Honda
55 Reginaldo,55 10000,55 Moto,55 Teste,55 Honda
56 Reginaldo,56 10000,56 Moto,56 Teste,56 Honda
57 Reginaldo,57 10000,57 Moto,57 Teste,57 Honda
58 Reginaldo,58 10000,58 Moto,58 Teste,58 Honda
59 Reginaldo,59 10000,59 Moto,59 Teste,59 Honda
60 Reginaldo,60 10000,60 Moto,60 Teste,60 Honda
61 Reginaldo,61 10000,61 Moto,61 Teste,61 Honda
62 Reginaldo,62 10000,62 Moto,62 Teste,62 Honda
63 Reginaldo,63 10000,63 Moto,63 Teste,63 Honda
64 Reginaldo,64 10000,64 Moto,64 Teste,64 Honda
65 Reginaldo,65 10000,65 Moto,65 Teste,65 Honda
66 Reginaldo,66 10000,66 Moto,66 Teste,66 Honda
67 Reginaldo,67 10000,67 Moto,67 Teste,67 Honda
68 Reginaldo,68 10000,68 Moto,68 Teste,68 Honda
69 Reginaldo,69 10000,69 Moto,69 Teste,69 Honda
70 Reginaldo,70 10000,70 Moto,70 Teste,70 Honda
71 Reginaldo,71 10000,71 Moto,71 Teste,71 Honda
72 Reginaldo,72 10000,72 Moto,72 Teste,72 Honda
73 Reginaldo,73 10000,73 Moto,73 Teste,73 Honda
74 Reginaldo,74 10000,74 Moto,74 Teste,74 Honda
75 Reginaldo,75 10000,75 Moto,75 Teste,75 Honda
76 Reginaldo,76 10000,76 Moto,76 Teste,76 Honda
77 Reginaldo,77 10000,77 Moto,77 Teste,77 Honda
78 Reginaldo,78 10000,78 Moto,78 Teste,78 Honda
79 Reginaldo,79 10000,79 Moto,79 Teste,79 Honda
80 Reginaldo,80 10000,80 Moto,80 Teste,80 Honda
81 Reginaldo,81 10000,81 Moto,81 Teste,81 Honda
82 Reginaldo,82 10000,82 Moto,82 Teste,82 Honda
83 Reginaldo,83 10000,83 Moto,83 Teste,83 Honda
84 Reginaldo,84 10000,84 Moto,84 Teste,84 Honda
85 Reginaldo,85 10000,85 Moto,85 Teste,85 Honda
86 Reginaldo,86 10000,86 Moto,86 Teste,86 Honda
87 Reginaldo,87 10000,87 Moto,87 Teste,87 Honda
88 Reginaldo,88 10000,88 Moto,88 Teste,88 Honda
89 Reginaldo,89 10000,89 Moto,89 Teste,89 Honda
90 Reginaldo,90 10000,90 Moto,90 Teste,90 Honda
91 Reginaldo,91 10000,91 Moto,91 Teste,91 Honda
92 Reginaldo,92 10000,92 Moto,92 Teste,92 Honda
93 Reginaldo,93 10000,93 Moto,93 Teste,93 Honda
94 Reginaldo,94 10000,94 Moto,94 Teste,94 Honda
95 Reginaldo,95 10000,95 Moto,95 Teste,95 Honda
96 Reginaldo,96 10000,96 Moto,96 Teste,96 Honda
97 Reginaldo,97 10000,97 Moto,97 Teste,97 Honda
98 Reginaldo,98 10000,98 Moto,98 Teste,98 Honda
99 Reginaldo,99 10000,99 Moto,99 Teste,99 Honda
100 Reginaldo,100 10000,100 Moto,100 Teste,100 Honda
101 Reginaldo,101 10000,101 Moto,101 Teste,101 Honda
102 Reginaldo,102 10000,102 Moto,102 Teste,102 Honda
103 Reginaldo,103 10000,103 Moto,103 Teste,103 Honda
104 Reginaldo,104 10000,104 Moto,104 Teste,104 Honda
105 Reginaldo,105 10000,105 Moto,105 Teste,105 Honda
106 Reginaldo,106 10000,106 Moto,106 Teste,106 Honda
107 Reginaldo,107 10000,107 Moto,107 Teste,107 Honda
108 Reginaldo,108 10000,108 Moto,108 Teste,108 Honda
109 Reginaldo,109 10000,109 Moto,109 Teste,109 Honda
110 Reginaldo,110 10000,110 Moto,110 Teste,110 Honda
111 Reginaldo,111 10000,111 Moto,111 Teste,111 Honda
112 Reginaldo,112 10000,112 Moto,112 Teste,112 Honda
113 Reginaldo,113 10000,113 Moto,113 Teste,113 Honda
114 Reginaldo,114 10000,114 Moto,114 Teste,114 Honda
115 Reginaldo,115 10000,115 Moto,115 Teste,115 Honda
116 Reginaldo,116 10000,116 Moto,116 Teste,116 Honda
117 Reginaldo,117 10000,117 Moto,117 Teste,117 Honda
118 Reginaldo,118 10000,118 Moto,118 Teste,118 Honda
119 Reginaldo,119 10000,119 Moto,119 Teste,119 Honda
120 Reginaldo,120 10000,120 Moto,120 Teste,120 Honda
121 Reginaldo,121 10000,121 Moto,121 Teste,121 Honda
122 Reginaldo,122 10000,122 Moto,122 Teste,122 Honda
123 Reginaldo,123 10000,123 Moto,123 Teste,123 Honda
124 Reginaldo,124 10000,124 Moto,124 Teste,124 Honda
125 Reginaldo,125 10000,125 Moto,125 Teste,125 Honda
126 Reginaldo,126 10000,126 Moto,126 Teste,126 Honda
127 Reginaldo,127 10000,127 Moto,127 Teste,127 Honda
128 Reginaldo,128 10000,128 Moto,128 Teste,128 Honda
129 Reginaldo,129 10000,129 Moto,129 Teste,129 Honda
130 Reginaldo,130 10000,130 Moto,130 Teste,130 Honda
131 Reginaldo,131 10000,131 Moto,131 Teste,131 Honda
132 Reginaldo,132 10000,132 Moto,132 Teste,132 Honda
133 Reginaldo,133 10000,133 Moto,133 Teste,133 Honda
134 Reginaldo,134 10000,134 Moto,134 Teste,134 Honda
135 Reginaldo,135 10000,135 Moto,135 Teste,135 Honda
136 Reginaldo,136 10000,136 Moto,136 Teste,136 Honda
137 Reginaldo,137 10000,137 Moto,137 Teste,137 Honda
138 Reginaldo,138 10000,138 Moto,138 Teste,138 Honda
139 Reginaldo,139 10000,139 Moto,139 Teste,139 Honda
140 Reginaldo,140 10000,140 Moto,140 Teste,140 Honda
141 Reginaldo,141 10000,141 Moto,141 Teste,141 Honda
142 Reginaldo,142 10000,142 Moto,142 Teste,142 Honda
143 Reginaldo,143 10000,143 Moto,143 Teste,143 Honda
144 Reginaldo,144 10000,144 Moto,144 Teste,144 Honda
145 Reginaldo,145 10000,145 Moto,145 Teste,145 Honda
146 Reginaldo,146 10000,146 Moto,146 Teste,146 Honda
147 Reginaldo,147 10000,147 Moto,147 Teste,147 Honda
148 Reginaldo,148 10000,148 Moto,148 Teste,148 Honda
149 Reginaldo,149 10000,149 Moto,149 Teste,149 Honda
150 Reginaldo,150 10000,150 Moto,150 Teste,150 Honda
151 Reginaldo,151 10000,151 Moto,151 Teste,151 Honda
152 Reginaldo,152 10000,152 Moto,152 Teste,152 Honda
153 Reginaldo,153 10000,153 Moto,153 Teste,153 Honda
154 Reginaldo,154 10000,154 Moto,154 Teste,154 Honda
155 Reginaldo,155 10000,155 Moto,155 Teste,155 Honda
156 Reginaldo,156 10000,156 Moto,156 Teste,156 Honda
157 Reginaldo,157 10000,157 Moto,157 Teste,157 Honda
158 Reginaldo,158 10000,158 Moto,158 Teste,158 Honda
159 Reginaldo,159 10000,159 Moto,159 Teste,159 Honda
160 Reginaldo,160 10000,160 Moto,160 Teste,160 Honda
161 Reginaldo,161 10000,161 Moto,161 Teste,161 Honda
162 Reginaldo,162 10000,162 Moto,162 Teste,162 Honda
163 Reginaldo,163 10000,163 Moto,163 Teste,163 Honda
164 Reginaldo,164 10000,164 Moto,164 Teste,164 Honda
165 Reginaldo,165 10000,165 Moto,165 Teste,165 Honda
166 Reginaldo,166 10000,166 Moto,166 Teste,166 Honda
167 Reginaldo,167 10000,167 Moto,167 Teste,167 Honda
168 Reginaldo,168 10000,168 Moto,168 Teste,168 Honda
169 Reginaldo,169 10000,169 Moto,169 Teste,169 Honda
